"","chrom.x","chromStart.x","chromEnd.x","name","foldChange","strand.x","geneName","geneStart","geneEnd","base","treatPval","ctrlPval","minusPval","treatStopNum","treatStopRPM","treatPreStopNum","treatAfterStopNum","treatReadthroughNum","ctrlStopNum","ctrlStopRPM","ctrlPreStopNum","ctrlAfterStopNum","ctrlReadthroughNum","stopRpmFC","treatPreRpmFold","ctrlPreRpmFold","preRpmFoldRatio","treatAfterRpmFold","ctrlAfterRpmFold","afterRpmFoldRatio","treatStopRatio","ctrlStopRatio","stopRatioFC","treatStopMeanNum","treatStopMeanFold","ctrlStopMeanNum","ctrlStopMeanFold","treatStopMeanFoldRatio","extendSeq","psi","non_psi","pred","rRNA_uniq_id","chrom.y","chromStart.y","chromEnd.y","rRNA_anno","score","strand.y"
"1","chr21",8210877,8210878,"rtsSeeker-33306",2.22974,"+","NR_146144.1|RNA45SN2|NR_146144.1|RNA45SN2|rRNA|exon",4891,4892,"T",-99031.6,-24290.6,-74741.1,79946,460.99086,23207,15774,122658,30214,192.06876,18022,10007,103362,2.40013,3.44491,1.67651,2.05481,5.06821,3.01929,1.67861,0.65178,0.29231,2.22974,1412.48635,56.59949,1254.23741,24.08954,2.34955,"GCGGCTTAATTTGACYCAACACGGGAAACCT",1.02155793485045,0.0187531432764358,"psi","chr21_8210877_8210878_+","chr21",8210877,8210878,"SSU1248-ACA13",255,"+"
"2","chr21",8209722,8209723,"rtsSeeker-36242",4.21855,"+","NR_146144.1|RNA45SN2|NR_146144.1|RNA45SN2|rRNA|exon",3736,3737,"T",-494.083,0,-494.083,1913,11.03089,187,33,24083,2699,17.1574,402,436,143338,0.64292,10.22995,6.71393,1.52369,57.9697,6.19037,9.3645,0.07943,0.01883,4.21855,1412.48635,1.35435,1254.23741,2.15191,0.62937,"CAGTGAAACTGCGAAYGGCTCATTAAATCAG",1.36219993903297,-0.423926741820153,"psi","chr21_8209722_8209723_+","chr21",8209722,8209723,"SSU93-U23",255,"+"
"3","chr21",8218843,8218844,"rtsSeeker-36476",4.58117,"+","NR_146148.1|RNA28SN2|NR_146148.1|RNA28SN2|rRNA|exon",4957,4958,"T",-6447.64,-385.596,-6062.04,10871,62.68521,20691,688,57761,4728,30.05564,2368,1765,115085,2.08564,0.5254,1.99662,0.26314,15.80087,2.67875,5.89859,0.18821,0.04108,4.58117,2400.86392,4.52795,2042.78132,2.31449,1.95635,"CTGGCGCTAAACCATYCGTAGACGACCTGCT",1.00464642922517,0.0162151082374877,"psi","chr21_8218843_8218844_+","chr21",8218843,8218844,"LSU4938-ACA43/ACA17",255,"+"
"4","chr21",8218274,8218275,"rtsSeeker-37127",6.50152,"+","NR_146148.1|RNA28SN2|NR_146148.1|RNA28SN2|rRNA|exon",4388,4389,"T",-349.424,-1.73971e-07,-349.424,1649,9.50859,1154,299,24235,1349,8.57552,1943,4650,128899,1.10881,1.42894,0.69429,2.05814,5.51505,0.29011,19.01037,0.06804,0.01047,6.50152,2400.86392,0.68684,2042.78132,0.66037,1.04007,"ACAGGGATAACTGGCYTGTGGCGGCCAAGCG",1.08806789737511,-0.0736957522827268,"psi","chr21_8218274_8218275_+","chr21",8218274,8218275,"LSU4373-U65",255,"+"
"5","chr21",8210280,8210281,"rtsSeeker-37197",6.73656,"+","NR_146144.1|RNA45SN2|NR_146144.1|RNA45SN2|rRNA|exon",4294,4295,"T",-13541,-1499.13,-12041.9,12871,74.21776,3271,848,26607,6352,40.37932,5274,1053,88457,1.83801,3.93488,1.2044,3.26709,15.17807,6.03229,2.51614,0.48374,0.07181,6.73656,1412.48635,9.1123,1254.23741,5.06443,1.79927,"CTCCAATAGCGTATAYTAAAGTTGCTGCAGT",0.996814389567729,-0.00497984855622801,"psi","chr21_8210280_8210281_+","chr21",8210280,8210281,"SSU651-ACA20",255,"+"
"6","chr21",8218392,8218393,"rtsSeeker-37225",6.81562,"+","NR_146148.1|RNA28SN2|NR_146148.1|RNA28SN2|rRNA|exon",4506,4507,"T",-0.296243,-1.75396e-07,-0.296243,372,2.14506,1250,218,17317,335,2.12958,2697,2280,106287,1.00727,0.2976,0.12421,2.3959,1.70642,0.14693,11.61386,0.02148,0.00315,6.81562,2400.86392,0.15494,2042.78132,0.16399,0.94483,"CACTAATAGGGAACGYGAGCTGGGTTTAGAC",1.00190944933292,-2.9390599457959e-05,"psi","chr21_8218392_8218393_+","chr21",8218392,8218393,"LSU4491-ACA10",255,"+"
"7","chr21",8217693,8217694,"rtsSeeker-37284",7.08995,"+","NR_146148.1|RNA28SN2|NR_146148.1|RNA28SN2|rRNA|exon",3807,3808,"T",-3459.31,-6.8737,-3452.44,6507,37.52117,12275,350,39980,3443,21.88696,5651,803,149983,1.71432,0.5301,0.60927,0.87006,18.59143,4.28767,4.33602,0.16276,0.02296,7.08995,2400.86392,2.71027,2042.78132,1.68545,1.60804,"ACGCGCATGAATGGAYGAACGAGATTCCCAC",1.10941124793521,-0.108389655705364,"psi","chr21_8217693_8217694_+","chr21",8217693,8217694,"LSU3801-ACA54",255,"+"
"8","chr21",8215417,8215418,"rtsSeeker-37413",8.05802,"+","NR_146148.1|RNA28SN2|NR_146148.1|RNA28SN2|rRNA|exon",1531,1532,"T",-23195.2,-114.165,-23081,33163,191.22708,4608,955,138729,4761,30.26542,2871,754,160487,6.31834,7.19683,1.65831,4.33987,34.72565,6.31432,5.49951,0.23905,0.02967,8.05802,2400.86392,13.81294,2042.78132,2.33065,5.92666,"CGAAAGATGGTGAACYATGCCTGGGCAGGGC",0.993030360982076,-0.00738194961804891,"psi","chr21_8215417_8215418_+","chr21",8215417,8215418,"LSU1523-unknown",255,"+"
"9","chr21",8211321,8211322,"rtsSeeker-37443",8.23044,"+","NR_146144.1|RNA45SN2|NR_146144.1|RNA45SN2|rRNA|exon",5335,5336,"T",-4838.57,-6.38255e-08,-4838.57,14567,83.99737,82191,11853,147885,1844,11.72221,8227,7451,154077,7.16566,0.17723,0.22414,0.79073,1.22897,0.24748,4.96587,0.0985,0.01197,8.23044,1412.48635,10.31302,1254.23741,1.47022,7.01463,"TAAGTCCCTGCCCTTYGTACACACCGCCCGT",0.994372888424708,0.0282973213002697,"psi","chr21_8211321_8211322_+","chr21",8211321,8211322,"SSU1694-U70",255,"+"
"10","chr21",8218291,8218292,"rtsSeeker-37508",8.95249,"+","NR_146148.1|RNA28SN2|NR_146148.1|RNA28SN2|rRNA|exon",4405,4406,"T",-419.475,-9.8289e-08,-419.475,893,5.14929,213,147,6410,2050,13.03174,3283,4404,131736,0.39513,4.19249,0.62443,6.71412,6.07483,0.46549,13.05051,0.13931,0.01556,8.95249,2400.86392,0.37195,2042.78132,1.00353,0.37064,"GTGGCGGCCAAGCGTYCATAGCGACGTCGCT",0.986567728041431,0.00601647954510017,"psi","chr21_8218291_8218292_+","chr21",8218291,8218292,"LSU4390-E3",255,"+"
"11","chr21",8210710,8210711,"rtsSeeker-37537",9.23057,"+","NR_146144.1|RNA45SN2|NR_146144.1|RNA45SN2|rRNA|exon",4724,4725,"T",-10463.8,-1.89762e-07,-10463.8,25778,148.64311,81461,4286,214656,2762,17.55788,10784,2890,212298,8.46589,0.31645,0.25612,1.23554,6.01447,0.95571,6.2932,0.12009,0.01301,9.23057,1412.48635,18.25009,1254.23741,2.20213,8.28745,"TCGTAGTTCCGACCAYAAACGATGCCGACCG",1.04466658939335,-0.0637904174252832,"psi","chr21_8210710_8210711_+","chr21",8210710,8210711,"SSU1081-ACA8",255,"+"
"12","chr21",8217629,8217630,"rtsSeeker-37591",9.6592,"+","NR_146148.1|RNA28SN2|NR_146148.1|RNA28SN2|rRNA|exon",3743,3744,"T",-688.567,-15.6473,-672.92,981,5.65672,60,99,4093,2480,15.76523,861,3526,99946,0.35881,16.35,2.88037,5.67635,9.90909,0.70335,14.08849,0.23968,0.02481,9.6592,2400.86392,0.4086,2042.78132,1.21403,0.33657,"GGTAAACGGCGGGAGYAACTATGACTCTCTT",1.00500901576434,0.0218583360611978,"psi","chr21_8217629_8217630_+","chr21",8217629,8217630,"LSU3737-ACA23",255,"+"
"13","chr21",8215673,8215674,"rtsSeeker-37605",9.77026,"+","NR_146148.1|RNA28SN2|NR_146148.1|RNA28SN2|rRNA|exon",1787,1788,"T",-57190.2,-1014.79,-56175.4,49462,285.21164,15379,2565,86657,5911,37.57591,4394,1391,101181,7.59028,3.2162,1.34524,2.3908,19.28343,4.24946,4.53785,0.57078,0.05842,9.77026,2400.86392,20.60175,2042.78132,2.8936,7.11975,"CCTATTCTCAAACTTYAAATGGGTAAGAAGC",1.01105564990609,0.00613615385750537,"psi","chr21_8215673_8215674_+","chr21",8215673,8215674,"LSU1779-ACA7/ACA7B",255,"+"
"14","chr21",8210547,8210548,"rtsSeeker-37610",9.785,"+","NR_146144.1|RNA45SN2|NR_146144.1|RNA45SN2|rRNA|exon",4561,4562,"T",-39007.5,-809.725,-38197.8,37544,216.48914,2565,4430,79431,6706,42.62968,2745,6086,138827,5.07837,14.63704,2.44299,5.99145,8.47494,1.10187,7.6914,0.47266,0.0483,9.785,1412.48635,26.58008,1254.23741,5.34668,4.97133,"AACTGAGGCCATGATYAAGAGGGACGGCCGG",0.935486980389659,0.0533249304489246,"psi","chr21_8210547_8210548_+","chr21",8210547,8210548,"SSU918-unknown",255,"+"
"15","chr21",8216383,8216384,"rtsSeeker-37626",9.8532,"+","NR_146148.1|RNA28SN2|NR_146148.1|RNA28SN2|rRNA|exon",2497,2498,"T",-68023.8,-639.693,-67384.1,63970,368.8688,10789,6669,130869,5046,32.07715,3296,5170,101715,11.49943,5.92919,1.53095,3.87289,9.59214,0.97602,9.82786,0.48881,0.04961,9.8532,2400.86392,26.64458,2042.78132,2.47016,10.78657,"GTTGCCCTCGGCCGAYCGAAAGGGAGTCGGG",0.987810067924046,0.0206254239760216,"psi","chr21_8216383_8216384_+","chr21",8216383,8216384,"LSU2495-ACA61",255,"+"
"16","chr21",8218871,8218872,"rtsSeeker-37641",9.99983,"+","NR_146148.1|RNA28SN2|NR_146148.1|RNA28SN2|rRNA|exon",4985,4986,"T",-3428.43,-5.08802e-07,-3428.43,6701,38.63983,6211,2242,43211,2127,13.52122,1489,4004,137156,2.85772,1.07889,1.42848,0.75528,2.98885,0.53122,5.6264,0.15508,0.01551,9.99983,2400.86392,2.79108,2042.78132,1.04123,2.68057,"GCTTCTGGGTCGGGGYTTCGTACGTAGCAGA",1.03259178255882,-0.0199500784555902,"psi","chr21_8218871_8218872_+","chr21",8218871,8218872,"LSU4966-ACA22/ACA33",255,"+"
"17","chr21",8218224,8218225,"rtsSeeker-37656",10.15666,"+","NR_146148.1|RNA28SN2|NR_146148.1|RNA28SN2|rRNA|exon",4338,4339,"T",-1281.71,0,-1281.71,3052,17.59868,550,691,24780,1414,8.98872,1001,2850,116605,1.95786,5.54909,1.41259,3.92832,4.41679,0.49614,8.90229,0.12316,0.01213,10.15666,2400.86392,1.27121,2042.78132,0.69219,1.83649,"GATCCTTCTGACCTTYTGGGTTTTAAGCAGG",0.980834111913754,0.0277708969784146,"psi","chr21_8218224_8218225_+","chr21",8218224,8218225,"LSU4323-unknown",255,"+"
"18","chr21",8217586,8217587,"rtsSeeker-37680",10.3612,"+","NR_146148.1|RNA28SN2|NR_146148.1|RNA28SN2|rRNA|exon",3700,3701,"T",-1593.11,-3.21132e-07,-1593.11,2794,16.11098,458,164,15676,1547,9.83419,1305,643,89931,1.63826,6.10044,1.18544,5.14613,17.03659,2.40591,7.08114,0.17823,0.0172,10.3612,2400.86392,1.16375,2042.78132,0.7573,1.5367,"CCAGTGCTCTGAATGYCAAAGTGAAGAAATT",0.788888984939761,0.308925487883271,"psi","chr21_8217586_8217587_+","chr21",8217586,8217587,"LSU3694-ACA27",255,"+"
"19","chr21",8218507,8218508,"rtsSeeker-37700",10.47275,"+","NR_146148.1|RNA28SN2|NR_146148.1|RNA28SN2|rRNA|exon",4621,4622,"T",-1057.67,-1.87223e-07,-1057.67,4389,25.30819,8974,535,58757,979,6.22345,3617,527,137258,4.06659,0.48908,0.27067,1.80695,8.20374,1.85769,4.41611,0.0747,0.00713,10.47275,2400.86392,1.82809,2042.78132,0.47925,3.8145,"CAGACATTTGGTGTAYGTGCTTGGCTGAGGA",1.0772768735983,-0.0977110974581903,"psi","chr21_8218507_8218508_+","chr21",8218507,8218508,"LSU4606-MBI-61/HBI-61",255,"+"
"20","chr21",8211074,8211075,"rtsSeeker-37714",10.56697,"+","NR_146144.1|RNA45SN2|NR_146144.1|RNA45SN2|rRNA|exon",5088,5089,"T",-109080,-1311.87,-107768,94839,546.86803,13821,4431,166612,8767,55.73134,6549,2582,162750,9.81258,6.86195,1.33868,5.12592,21.40352,3.39543,6.30363,0.56922,0.05387,10.56697,1412.48635,67.1433,1254.23741,6.9899,9.60575,"CGTCCCCCAACTTCTYAGAGGGACAAGTGGC",1.02057432497572,-0.0314675926315217,"psi","chr21_8211074_8211075_+","chr21",8211074,8211075,"SSU1445-U67",255,"+"
"21","chr21",8217605,8217606,"rtsSeeker-37780",10.9043,"+","NR_146148.1|RNA28SN2|NR_146148.1|RNA28SN2|rRNA|exon",3719,3720,"T",-10249.7,-202.653,-10047.1,10691,61.64728,3844,404,26384,3326,21.1432,2700,1451,89504,2.9157,2.78122,1.23185,2.25775,26.46287,2.29221,11.54469,0.40521,0.03716,10.9043,2400.86392,4.45298,2042.78132,1.62817,2.73496,"AGTGAAGAAATTCAAYGAAGCGCGGGTAAAC",0.833277330022759,0.138994795752782,"psi","chr21_8217605_8217606_+","chr21",8217605,8217606,"LSU3713-ACA31",255,"+"
"22","chr21",8218423,8218424,"rtsSeeker-37835",11.32185,"+","NR_146148.1|RNA28SN2|NR_146148.1|RNA28SN2|rRNA|exon",4537,4538,"T",-2565.01,-1.67418e-05,-2565.01,3889,22.42505,249,456,17770,2123,13.4958,2614,3042,109829,1.66163,15.61847,0.81217,19.23066,8.52851,0.6979,12.22031,0.21885,0.01933,11.32185,2400.86392,1.61983,2042.78132,1.03927,1.55863,"CGTCGTGAGACAGGTYAGTTTTACCCTACTG",1.0117797652032,-0.0130254744962082,"psi","chr21_8218423_8218424_+","chr21",8218423,8218424,"LSU4522-ACA27/HBI-6",255,"+"
"23","chr21",8217566,8217567,"rtsSeeker-37863",11.5197,"+","NR_146148.1|RNA28SN2|NR_146148.1|RNA28SN2|rRNA|exon",3680,3681,"T",-6438.46,-10.2726,-6428.19,8451,48.73081,1086,659,30897,2865,18.21265,1665,2681,120663,2.67566,7.78177,1.72072,4.52239,12.82398,1.06863,12.00038,0.27352,0.02374,11.5197,2400.86392,3.51998,2042.78132,1.4025,2.50979,"TGACGCGATGTGATTYCTGCCCAGTGCTCTG",1.00408060022924,-0.00892433863057404,"psi","chr21_8217566_8217567_+","chr21",8217566,8217567,"LSU3674-unknown",255,"+"
"24","chr21",8217601,8217602,"rtsSeeker-37880",11.7507,"+","NR_146148.1|RNA28SN2|NR_146148.1|RNA28SN2|rRNA|exon",3715,3716,"T",-2019.16,-0.0165646,-2019.14,2904,16.74527,1053,369,12263,1709,10.86402,3176,2206,84802,1.54135,2.75783,0.5381,5.12515,7.86992,0.77471,10.1586,0.23681,0.02015,11.7507,2400.86392,1.20956,2042.78132,0.8366,1.4458,"TCAAAGTGAAGAAATYCAATGAAGCGCGGGT",0.962835910625981,0.0282615211146344,"psi","chr21_8217601_8217602_+","chr21",8217601,8217602,"LSU3709-ACA19",255,"+"
"25","chr21",8218560,8218561,"rtsSeeker-37923",12.09489,"+","NR_146148.1|RNA28SN2|NR_146148.1|RNA28SN2|rRNA|exon",4674,4675,"T",-3610.2,-5.89284e-08,-3610.2,13501,77.85052,36519,3362,166766,1044,6.63665,4942,1781,155971,11.73039,0.3697,0.21125,1.75005,4.01576,0.58619,6.85065,0.08096,0.00669,12.09489,2400.86392,5.62339,2042.78132,0.51107,11.00322,"CTGTGGGATTATGACYGAACGCCTCTAAGTC",0.993896189379308,-0.00189144930062114,"psi","chr21_8218560_8218561_+","chr21",8218560,8218561,"LSU4659-ACA17",255,"+"
"26","chr21",8218371,8218372,"rtsSeeker-37933",12.27802,"+","NR_146148.1|RNA28SN2|NR_146148.1|RNA28SN2|rRNA|exon",4485,4486,"T",-9891.01,-54.6825,-9836.33,11189,64.51888,1888,455,31877,2792,17.74859,866,1377,97663,3.63515,5.92638,3.22402,1.8382,24.59121,2.0276,12.12826,0.35101,0.02859,12.27802,2400.86392,4.66041,2042.78132,1.36676,3.40981,"CCAAGCGTTGGATTGYTCACCCACTAATAGG",0.970858044020374,0.0308020193204888,"psi","chr21_8218371_8218372_+","chr21",8218371,8218372,"LSU4470-ACA21",255,"+"
"27","chr21",8210430,8210431,"rtsSeeker-37948",12.43606,"+","NR_146144.1|RNA45SN2|NR_146144.1|RNA45SN2|rRNA|exon",4444,4445,"T",-6.3224,0,-6.3224,346,1.99513,15,5,12128,176,1.11882,174,62,76720,1.78324,23.06667,1.01149,22.80455,69.2,2.83871,24.37727,0.02853,0.00229,12.43606,1412.48635,0.24496,1254.23741,0.14032,1.74566,"GGGGCCCGAAGCGTTYACTTTGAAAAAATTA",1.10296114505459,-0.104895467609728,"psi","chr21_8210430_8210431_+","chr21",8210430,8210431,"SSU801-ACA25",255,"+"
"28","chr21",8217791,8217792,"rtsSeeker-37989",13.12789,"+","NR_146148.1|RNA28SN2|NR_146148.1|RNA28SN2|rRNA|exon",3905,3906,"T",-17685.4,-0.0162437,-17685.4,23566,135.88811,13722,2704,88279,2800,17.79945,4652,2803,137697,7.6344,1.71739,0.60189,2.85332,8.71524,0.99893,8.72457,0.26695,0.02033,13.12789,2400.86392,9.81563,2042.78132,1.37068,7.16114,"AAGACCCTGTTGAGCYTGACTCTAGTCTGGC",0.994647050094759,0.0130914611709161,"psi","chr21_8217791_8217792_+","chr21",8217791,8217792,"LSU3899-ACA3",255,"+"
"29","chr21",8210803,8210804,"rtsSeeker-37997",13.16641,"+","NR_146144.1|RNA45SN2|NR_146144.1|RNA45SN2|rRNA|exon",4817,4818,"T",-6263.07,-37.3364,-6225.73,7013,40.43891,3842,1075,19457,2455,15.6063,2562,1981,89679,2.59119,1.82535,0.95824,1.90491,6.52372,1.23927,5.26415,0.36044,0.02738,13.16641,1412.48635,4.965,1254.23741,1.95736,2.53658,"GTTCCGGGGGGAGTAYGGTTGCAAAGCTGAA",0.93350527998044,0.0523411005903284,"psi","chr21_8210803_8210804_+","chr21",8210803,8210804,"SSU1174-ACA40",255,"+"
"30","chr21",8215660,8215661,"rtsSeeker-38015",13.33224,"+","NR_146148.1|RNA28SN2|NR_146148.1|RNA28SN2|rRNA|exon",1774,1775,"T",-234.98,-3.91736e-07,-234.98,628,3.62122,43,102,5782,752,4.78042,888,964,92308,0.75751,14.60465,0.84685,17.24592,6.15686,0.78008,7.89257,0.10861,0.00815,13.33224,2400.86392,0.26157,2042.78132,0.36813,0.71055,"GAAACGATCTCAACCYATTCTCAAACTTTAA",1.05742319817748,-0.0530234719065443,"psi","chr21_8215660_8215661_+","chr21",8215660,8215661,"LSU1766-HBI-115",255,"+"
"31","chr21",8217755,8217756,"rtsSeeker-38034",13.47176,"+","NR_146148.1|RNA28SN2|NR_146148.1|RNA28SN2|rRNA|exon",3869,3870,"T",-13422,-5.6576e-07,-13422,22285,128.5015,7628,884,115934,1974,12.54861,1780,874,138347,10.2403,2.92147,1.10899,2.63436,25.20928,2.25858,11.16155,0.19222,0.01427,13.47176,2400.86392,9.28208,2042.78132,0.96633,9.6055,"CCAAGGGAACGGGCTYGGCGGAATCAGCGGG",1.03187671285738,-0.0201797383665777,"psi","chr21_8217755_8217756_+","chr21",8217755,8217756,"LSU3863-unknown",255,"+"
"32","chr21",8210976,8210977,"rtsSeeker-38083",13.88598,"+","NR_146144.1|RNA45SN2|NR_146144.1|RNA45SN2|rRNA|exon",4990,4991,"T",-8757.56,-182.512,-8575.05,8510,49.07103,1790,441,18318,4298,27.32215,3330,1974,128467,1.79602,4.75419,1.29069,3.68345,19.29705,2.1773,8.86282,0.46457,0.03346,13.88598,1412.48635,6.02484,1254.23741,3.42678,1.75816,"ATGGCCGTTCTTAGTYGGTGGAGCGATTTGT",0.976288692760401,0.00961312313296969,"psi","chr21_8210976_8210977_+","chr21",8210976,8210977,"SSU1347-ACA4",255,"+"
"33","chr21",8212624,8212625,"rtsSeeker-38093",13.99945,"+","ENST00000612463.1|RNA5-8SN2-201|ENSG00000278233.1|RNA5-8SN2|rRNA",53,54,"T",-12573.9,-1.54079,-12572.4,16429,94.73418,1042,509,66598,2721,17.29725,1434,1121,154415,5.47684,15.76679,1.89749,8.30929,32.27701,2.4273,13.29751,0.24669,0.01762,13.99945,3854.80519,4.26195,3144.7987,0.86524,4.92576,"AAGAACGCAGCTAGCYGCGAGAATTAATGTG",0.995197664448837,0.0299075774213993,"psi","chr21_8212624_8212625_+","chr21",8212624,8212625,"5SU55-U72",255,"+"
"34","chr21",8212638,8212639,"rtsSeeker-38105",14.20811,"+","ENST00000612463.1|RNA5-8SN2-201|ENSG00000278233.1|RNA5-8SN2|rRNA",67,68,"T",-97319,-765.507,-96553.5,80717,465.43666,15020,7167,147990,6611,42.02577,6657,1324,172215,11.07503,5.37397,0.99309,5.41136,11.26231,4.9932,2.25553,0.54542,0.03839,14.20811,3854.80519,20.93932,3144.7987,2.1022,9.96066,"CTGCGAGAATTAATGYGAATTGCAGGACACA",0.989786428030623,0.00548077100150786,"psi","chr21_8212638_8212639_+","chr21",8212638,8212639,"5SU69-U69",255,"+"
"35","chr21",8210035,8210036,"rtsSeeker-38121",14.46252,"+","NR_146144.1|RNA45SN2|NR_146144.1|RNA45SN2|rRNA|exon",4049,4050,"T",-3665.93,0,-3665.93,12581,72.54554,7329,4284,143349,879,5.58776,1757,3485,144848,12.98295,1.71661,0.50028,3.43126,2.93674,0.25222,11.64339,0.08776,0.00607,14.46252,1412.48635,8.90699,1254.23741,0.70082,12.7093,"CATGGTGACCACGGGYGACGGGGAATCAGGG",1.01313672832611,-0.0112583196084308,"psi","chr21_8210035_8210036_+","chr21",8210035,8210036,"SSU406-U71a/b/c/d",255,"+"
"36","chr21",8218499,8218500,"rtsSeeker-38162",14.696,"+","NR_146148.1|RNA28SN2|NR_146148.1|RNA28SN2|rRNA|exon",4613,4614,"T",-14330.8,-20.9839,-14309.8,15878,91.55696,3485,1889,43624,3466,22.03317,2121,3524,139945,4.15541,4.5561,1.63413,2.78808,8.40551,0.98354,8.54616,0.36397,0.02477,14.696,2400.86392,6.61345,2042.78132,1.69671,3.89782,"CGCAGGTTCAGACATYTGGTGTATGTGCTTG",1.01582910752626,-0.0085793119193738,"psi","chr21_8218499_8218500_+","chr21",8218499,8218500,"LSU4598-ACA17",255,"+"
"37","chr21",8215741,8215742,"rtsSeeker-38193",14.95425,"+","NR_146148.1|RNA28SN2|NR_146148.1|RNA28SN2|rRNA|exon",1855,1856,"T",-4604.91,-5.06972e-07,-4604.91,6882,39.68352,7446,7270,30770,2220,14.11242,2722,3653,148433,2.81196,0.92425,0.81558,1.13325,0.94663,0.60772,1.55768,0.22366,0.01496,14.95425,2400.86392,2.86647,2042.78132,1.08675,2.63764,"TGCCTAGTGGGCCACYTTTGGTAAGCAGAAC",0.972307049264981,0.00550288504024932,"psi","chr21_8215741_8215742_+","chr21",8215741,8215742,"LSU1847-ACA32",255,"+"
"38","chr21",8209734,8209735,"rtsSeeker-38215",15.18082,"+","NR_146144.1|RNA45SN2|NR_146144.1|RNA45SN2|rRNA|exon",3748,3749,"T",-1189.84,-6.36206e-07,-1189.84,1801,10.38507,173,316,8140,2010,12.77746,2270,5233,137912,0.81276,10.4104,0.88546,11.75702,5.69937,0.3841,14.8382,0.22125,0.01457,15.18082,1412.48635,1.27506,1254.23741,1.60257,0.79563,"GAATGGCTCATTAAAYCAGTTATGGTTCCTT",1.01042388784071,-0.0120299859327028,"psi","chr21_8209734_8209735_+","chr21",8209734,8209735,"SSU105-ACA36/B/ACA50/ACA62",255,"+"
"39","chr21",8210315,8210316,"rtsSeeker-38220",15.27992,"+","NR_146144.1|RNA45SN2|NR_146144.1|RNA45SN2|rRNA|exon",4329,4330,"T",-31654.1,-4.24274e-07,-31654.1,41965,241.98185,21892,4956,154495,2858,18.16815,3166,2244,160772,13.31901,1.91691,0.90272,2.12349,8.46751,1.27362,6.64839,0.27163,0.01778,15.27992,1412.48635,29.71002,1254.23741,2.27868,13.03829,"AAGCTCGTAGTTGGAYCTTGGGAGCGGGCGG",0.955415234711059,0.0317395758110386,"psi","chr21_8210315_8210316_+","chr21",8210315,8210316,"SSU686-ACA44",255,"+"
"40","chr21",8210996,8210997,"rtsSeeker-38238",15.4693,"+","NR_146144.1|RNA45SN2|NR_146144.1|RNA45SN2|rRNA|exon",5010,5011,"T",-60008.5,-500.641,-59507.8,48714,280.89846,2166,8433,75457,5838,37.11185,2054,4901,139888,7.56897,22.4903,2.84226,7.91283,5.77659,1.19119,4.84945,0.64559,0.04173,15.4693,1412.48635,34.48812,1254.23741,4.65462,7.40944,"GAGCGATTTGTCTGGYTAATTCCGATAACGA",1.00161101636047,0.007432409416754,"psi","chr21_8210996_8210997_+","chr21",8210996,8210997,"SSU1367-ACA15/SNORA83A/B",255,"+"
"41","chr21",8217830,8217831,"rtsSeeker-38258",15.65033,"+","NR_146148.1|RNA28SN2|NR_146148.1|RNA28SN2|rRNA|exon",3944,3945,"T",-78885.7,-300.192,-78585.5,65449,377.39712,4445,9583,106283,4148,26.36861,2161,4480,105420,14.31236,14.72418,1.91948,7.67092,6.8297,0.92589,7.37634,0.6158,0.03935,15.65033,2400.86392,27.2606,2042.78132,2.03056,13.42513,"GAGACATGAGAGGTGYAGAATAAGTGGGAGG",0.983611080767784,0.00876325690537137,"psi","chr21_8217830_8217831_+","chr21",8217830,8217831,"LSU3938-ACA3",255,"+"
"42","chr21",8218170,8218171,"rtsSeeker-38267",15.70615,"+","NR_146148.1|RNA28SN2|NR_146148.1|RNA28SN2|rRNA|exon",4284,4285,"T",-12542,-215.464,-12326.6,10927,63.00812,2676,2316,19389,3975,25.26886,3023,3364,110780,2.49351,4.08333,1.31492,3.10539,4.71805,1.18163,3.99283,0.56357,0.03588,15.70615,2400.86392,4.55128,2042.78132,1.94588,2.33893,"CTCGCTTGATCTTGAYTTTCAGTACGAATAC",1.0533034242918,-0.0273583228256713,"psi","chr21_8218170_8218171_+","chr21",8218170,8218171,"LSU4269-ACA34",255,"+"
"43","chr21",8218302,8218303,"rtsSeeker-38281",15.917,"+","NR_146148.1|RNA28SN2|NR_146148.1|RNA28SN2|rRNA|exon",4416,4417,"T",-33.133,-5.55185e-07,-33.133,240,1.38391,22,103,4628,402,2.55549,715,812,123387,0.54154,10.90909,0.56224,19.40299,2.3301,0.49507,4.70656,0.05186,0.00326,15.917,2400.86392,0.09996,2042.78132,0.19679,0.50797,"GCGTTCATAGCGACGYCGCTTTTTGATCCTT",1.00161706775992,-0.00292629225158221,"psi","chr21_8218302_8218303_+","chr21",8218302,8218303,"LSU4401-ACA21",255,"+"
"44","chr21",8210238,8210239,"rtsSeeker-38286",15.94115,"+","NR_146144.1|RNA45SN2|NR_146144.1|RNA45SN2|rRNA|exon",4252,4253,"T",-27315.5,-1.38072,-27314.1,31383,180.9631,6069,2728,91044,2932,18.63856,1981,2828,135594,9.70907,5.17103,1.48006,3.4938,11.50403,1.03678,11.09598,0.3447,0.02162,15.94115,1412.48635,22.21827,1254.23741,2.33768,9.50443,"ATTGGAGGGCAAGTCYGGTGCCAGCAGCCGC",1.00776128405187,-0.00329770254914021,"psi","chr21_8210238_8210239_+","chr21",8210238,8210239,"SSU609-ACA24",255,"+"
"45","chr21",8210451,8210452,"rtsSeeker-38289",15.94471,"+","NR_146144.1|RNA45SN2|NR_146144.1|RNA45SN2|rRNA|exon",4465,4466,"T",-71775.9,-424.578,-71351.3,56815,327.61108,3676,6159,84124,4762,30.27178,3122,4900,112425,10.82233,15.45566,1.5253,10.13284,9.22471,0.97184,9.49204,0.67537,0.04236,15.94471,1412.48635,40.2234,1254.23741,3.79673,10.59422,"GAAAAAATTAGAGTGYTCAAAGCAGGCCCGA",1.00510715750351,-0.00694560696273294,"psi","chr21_8210451_8210452_+","chr21",8210451,8210452,"SSU822-ACA44",255,"+"
"46","chr21",8209738,8209739,"rtsSeeker-38308",16.15045,"+","NR_146144.1|RNA45SN2|NR_146144.1|RNA45SN2|rRNA|exon",3752,3753,"T",-4303.21,0,-4303.21,5461,31.48964,5726,901,18730,2635,16.75055,4019,3982,145959,1.87992,0.95372,0.65564,1.45465,6.06104,0.66173,9.15942,0.29156,0.01805,16.15045,1412.48635,3.86623,1254.23741,2.10088,1.84029,"GGCTCATTAAATCAGYTATGGTTCCTTTGGT",0.89669100284116,0.112033234942047,"psi","chr21_8209738_8209739_+","chr21",8209738,8209739,"SSU109-ACA42/ACA67",255,"+"
"47","chr21",8210443,8210444,"rtsSeeker-38323",16.36792,"+","NR_146144.1|RNA45SN2|NR_146144.1|RNA45SN2|rRNA|exon",4457,4458,"T",-5036,-129.384,-4906.61,4482,25.84446,903,10437,8212,3077,19.56032,2296,2277,92278,1.32127,4.96346,1.34016,3.70364,0.42943,1.35134,0.31778,0.54579,0.03334,16.36792,1412.48635,3.17313,1254.23741,2.45328,1.29342,"TTTACTTTGAAAAAAYTAGAGTGTTCAAAGC",0.977251321517156,-0.0169501535661743,"psi","chr21_8210443_8210444_+","chr21",8210443,8210444,"SSU814-ACA25/ACA63",255,"+"
"48","chr21",8217635,8217636,"rtsSeeker-38326",16.39636,"+","NR_146148.1|RNA28SN2|NR_146148.1|RNA28SN2|rRNA|exon",3749,3750,"T",-6803.94,-101.54,-6702.4,6255,36.06807,749,256,12258,3307,21.02242,675,1120,106261,1.7157,8.35113,4.89926,1.70457,24.43359,2.95268,8.27506,0.51028,0.03112,16.39636,2400.86392,2.60531,2042.78132,1.61887,1.60934,"CGGCGGGAGTAACTAYGACTCTCTTAAGGTA",0.995768239468364,0.0129769135064438,"psi","chr21_8217635_8217636_+","chr21",8217635,8217636,"LSU3743-U19",255,"+"
"49","chr21",8209748,8209749,"rtsSeeker-38343",16.64069,"+","NR_146144.1|RNA45SN2|NR_146144.1|RNA45SN2|rRNA|exon",3762,3763,"T",-1506.99,0,-1506.99,5261,30.33639,26377,3614,60839,806,5.1237,2514,3361,155103,5.9208,0.19945,0.3206,0.62212,1.45573,0.23981,6.07035,0.08647,0.0052,16.64069,1412.48635,3.72464,1254.23741,0.64262,5.79601,"ATCAGTTATGGTTCCYTTGGTCGCTCGCTCC",1.05344903594993,-0.0270258115212762,"psi","chr21_8209748_8209749_+","chr21",8209748,8209749,"SSU119-U66",255,"+"
"50","chr21",8217689,8217690,"rtsSeeker-38358",17.02983,"+","NR_146148.1|RNA28SN2|NR_146148.1|RNA28SN2|rRNA|exon",3803,3804,"T",-4356.25,-1.49986e-06,-4356.25,5992,34.55154,3852,732,23602,2161,13.73736,3222,2438,144958,2.51515,1.55556,0.6707,2.3193,8.18579,0.88638,9.23506,0.25388,0.01491,17.02983,2400.86392,2.49577,2042.78132,1.05787,2.35924,"AGTGACGCGCATGAAYGGATGAACGAGATTC",1.00582446119763,-0.00285820501070057,"psi","chr21_8217689_8217690_+","chr21",8217689,8217690,"LSU3797-ACA48",255,"+"
"51","chr21",8218328,8218329,"rtsSeeker-38370",17.21484,"+","NR_146148.1|RNA28SN2|NR_146148.1|RNA28SN2|rRNA|exon",4442,4443,"T",-109.629,-1.95596e-07,-109.629,697,4.0191,158,97,12370,348,2.21222,298,651,106321,1.81677,4.41139,1.16779,3.77757,7.18557,0.53456,13.44197,0.05635,0.00327,17.21484,2400.86392,0.29031,2042.78132,0.17036,1.70415,"TCCTTCGATGTCGGCYCTTCCTATCATTGTG",0.995202606344475,-0.00620777502256208,"psi","chr21_8218328_8218329_+","chr21",8218328,8218329,"LSU4427-U65",255,"+"
"52","chr21",8210310,8210311,"rtsSeeker-38414",18.11478,"+","NR_146144.1|RNA45SN2|NR_146144.1|RNA45SN2|rRNA|exon",4324,4325,"T",-54709.3,-206.949,-54502.3,46007,265.28915,7161,11488,75974,4894,31.11089,2533,12636,146399,8.52721,6.42466,1.9321,3.32523,4.00479,0.38731,10.34011,0.60556,0.03343,18.11478,1412.48635,32.57164,1254.23741,3.90197,8.34748,"TTAAAAAGCTCGTAGYTGGATCTTGGGAGCG",0.964330081167954,0.0390201450892569,"psi","chr21_8210310_8210311_+","chr21",8210310,8210311,"SSU681-unknown",255,"+"
"53","chr21",8218232,8218233,"rtsSeeker-38416",18.1348,"+","NR_146148.1|RNA28SN2|NR_146148.1|RNA28SN2|rRNA|exon",4346,4347,"T",-35560.7,-114.281,-35446.4,30592,176.40197,3601,3507,53049,3372,21.43562,1716,4598,106040,8.22938,8.49542,1.96503,4.32329,8.72313,0.73336,11.8947,0.57667,0.0318,18.1348,2400.86392,12.74208,2042.78132,1.65069,7.71924,"TGACCTTTTGGGTTTYAAGCAGGAGGTGTCA",1.01565299218174,-0.0173851859333904,"psi","chr21_8218232_8218233_+","chr21",8218232,8218233,"LSU4331-ACA64",255,"+"
"54","chr21",8209839,8209840,"rtsSeeker-38431",18.5279,"+","NR_146144.1|RNA45SN2|NR_146144.1|RNA45SN2|rRNA|exon",3853,3854,"T",-9487.57,-3.3655e-07,-9487.57,13310,76.74916,1900,1556,53540,1661,10.55889,927,2558,123793,7.26868,7.00526,1.7918,3.90962,8.55398,0.64934,13.17345,0.2486,0.01342,18.5279,1412.48635,9.4231,1254.23741,1.32431,7.11548,"CCTTCGCGGGGGGGAYGCGTGCATTTATCAG",0.983961241894268,0.00288664989716437,"psi","chr21_8209839_8209840_+","chr21",8209839,8209840,"SSU210-ACA10",255,"+"
"55","chr21",8217715,8217716,"rtsSeeker-38470",19.4301,"+","NR_146148.1|RNA28SN2|NR_146148.1|RNA28SN2|rRNA|exon",3829,3830,"T",-5051.02,-7.60254e-07,-5051.02,6927,39.94301,391,920,27156,1953,12.41511,510,4613,148764,3.21729,17.71611,3.82941,4.62633,7.52935,0.42337,17.78437,0.25508,0.01313,19.4301,2400.86392,2.88521,2042.78132,0.95605,3.01785,"GATTCCCACTGTCCCYACCTACTATCCAGCG",0.964807797785807,0.0912093469074857,"psi","chr21_8217715_8217716_+","chr21",8217715,8217716,"LSU3823-ACA58/B",255,"+"
"56","chr21",8211272,8211273,"rtsSeeker-38479",19.51758,"+","NR_146144.1|RNA45SN2|NR_146144.1|RNA45SN2|rRNA|exon",5286,5287,"T",-23535.1,-1.43452e-06,-23535.1,27190,156.7851,14659,664,79631,2132,13.55301,2476,641,121867,11.56829,1.85483,0.86107,2.15411,40.9488,3.32605,12.31153,0.34145,0.01749,19.51758,1412.48635,19.24974,1254.23741,1.69984,11.32446,"CCATGAACGAGGAATYCCCAGTAAGTGCGGG",1.00348520698029,0.0254173748172047,"psi","chr21_8211272_8211273_+","chr21",8211272,8211273,"SSU1644-ACA41",255,"+"
"57","chr21",8218183,8218184,"rtsSeeker-38488",19.6172,"+","NR_146148.1|RNA28SN2|NR_146148.1|RNA28SN2|rRNA|exon",4297,4298,"T",-53095.2,-41.8955,-53053.3,48237,278.14795,3355,5382,92551,3576,22.73244,2683,5823,134597,12.23573,14.37765,1.33284,10.78725,8.96265,0.61412,14.59439,0.52119,0.02657,19.6172,2400.86392,20.09152,2042.78132,1.75055,11.47723,"GATTTTCAGTACGAAYACAGACCGTGAAAGC",0.998040421872371,-0.0012518027317895,"psi","chr21_8218183_8218184_+","chr21",8218183,8218184,"LSU4282-ACA34/ACA2a/2b",255,"+"
"58","chr21",8218294,8218295,"rtsSeeker-38520",20.58025,"+","NR_146148.1|RNA28SN2|NR_146148.1|RNA28SN2|rRNA|exon",4408,4409,"T",-377.926,0,-377.926,810,4.67069,254,142,5863,868,5.51783,1246,5093,129302,0.84647,3.18898,0.69663,4.57772,5.70423,0.17043,33.46961,0.13815,0.00671,20.58025,2400.86392,0.33738,2042.78132,0.42491,0.794,"GCGGCCAAGCGTTCAYAGCGACGTCGCTTTT",1.01284198360516,-0.006750837327845,"psi","chr21_8218294_8218295_+","chr21",8218294,8218295,"LSU4393-U68",255,"+"
"59","chr21",8218842,8218843,"rtsSeeker-38524",20.65047,"+","NR_146148.1|RNA28SN2|NR_146148.1|RNA28SN2|rRNA|exon",4956,4957,"T",-20626.7,-0.327054,-20626.3,20691,119.31006,1080,10871,47589,2368,15.05325,2138,4728,112470,7.92587,19.15833,1.10758,17.29752,1.90332,0.50085,3.80021,0.43479,0.02105,20.65047,2400.86392,8.61815,2042.78132,1.1592,7.43454,"CCTGGCGCTAAACCAYTCGTAGACGACCTGC",0.980674049879706,0.0310366375823539,"psi","chr21_8218842_8218843_+","chr21",8218842,8218843,"LSU4937-ACA43/ACA17",255,"+"
"60","chr21",8218164,8218165,"rtsSeeker-38552",21.16375,"+","NR_146148.1|RNA28SN2|NR_146148.1|RNA28SN2|rRNA|exon",4278,4279,"T",-154.66,-4.22193e-08,-154.66,582,3.35597,43,105,7279,429,2.72713,859,1115,113553,1.23059,13.53488,0.49942,27.10132,5.54286,0.38475,14.40626,0.07996,0.00378,21.16375,2400.86392,0.24241,2042.78132,0.21001,1.1543,"CAAAAGCTCGCTTGAYCTTGATTTTCAGTAC",1.00964959240164,-0.0105365217227692,"psi","chr21_8218164_8218165_+","chr21",8218164,8218165,"LSU4263-ACA2a/2b",255,"+"
"61","chr21",8217724,8217725,"rtsSeeker-38599",22.12372,"+","NR_146148.1|RNA28SN2|NR_146148.1|RNA28SN2|rRNA|exon",3838,3839,"T",-45371.6,-0.539021,-45371.1,43618,251.51351,3866,2151,92871,3182,20.2278,1872,1513,149890,12.43405,11.28246,1.69979,6.63758,20.27801,2.10311,9.64193,0.46966,0.02123,22.12372,2400.86392,18.16763,2042.78132,1.55768,11.66326,"TGTCCCTACCTACTAYCCAGCGAAACCACAG",1.02205544769115,-0.00439393090510058,"psi","chr21_8217724_8217725_+","chr21",8217724,8217725,"LSU3832-E2/ACA8",255,"+"
"62","chr21",8215743,8215744,"rtsSeeker-38642",22.80946,"+","NR_146148.1|RNA28SN2|NR_146148.1|RNA28SN2|rRNA|exon",1857,1858,"T",-126047,-158.153,-125889,95807,552.44979,7270,16081,133078,4846,30.80576,3653,10031,153535,17.93333,13.1784,1.32658,9.93411,5.95778,0.4831,12.33233,0.71993,0.03156,22.80946,2400.86392,39.90522,2042.78132,2.37226,16.82163,"CCTAGTGGGCCACTTYTGGTAAGCAGAACTG",0.997374994184422,0.000318985916377135,"psi","chr21_8215743_8215744_+","chr21",8215743,8215744,"LSU1849-unknown",255,"+"
"63","chr21",8218342,8218343,"rtsSeeker-38648",23.02561,"+","NR_146148.1|RNA28SN2|NR_146148.1|RNA28SN2|rRNA|exon",4456,4457,"T",-9904.83,0,-9904.83,10443,60.21724,3167,1921,26274,1394,8.86158,1274,3246,80756,6.79531,3.29744,1.09419,3.01359,5.43623,0.42945,12.65854,0.39747,0.01726,23.02561,2400.86392,4.34968,2042.78132,0.6824,6.37407,"CTCTTCCTATCATTGYGAAGCAGAATTCACC",0.987675707294021,0.00412053524861879,"psi","chr21_8218342_8218343_+","chr21",8218342,8218343,"LSU4441-ACA1",255,"+"
"64","chr21",8210444,8210445,"rtsSeeker-38650",23.07613,"+","NR_146144.1|RNA45SN2|NR_146144.1|RNA45SN2|rRNA|exon",4458,4459,"T",-11897.4,-11.8334,-11885.5,10437,60.18264,4482,1262,18617,2277,14.47477,3077,5234,93726,4.15776,2.32865,0.74001,3.14679,8.27021,0.43504,19.01021,0.56062,0.02429,23.07613,1412.48635,7.3891,1254.23741,1.81545,4.07013,"TTACTTTGAAAAAATYAGAGTGTTCAAAGCA",0.99913537071655,0.000275731107355664,"psi","chr21_8210444_8210445_+","chr21",8210444,8210445,"SSU815-ACA25/ACA28",255,"+"
"65","chr21",8218880,8218881,"rtsSeeker-38661",23.17083,"+","NR_146148.1|RNA28SN2|NR_146148.1|RNA28SN2|rRNA|exon",4994,4995,"T",-85015,-25.2476,-84989.8,72840,420.01568,3566,6834,125503,3700,23.5207,2282,4208,147716,17.85728,20.42625,1.62138,12.59803,10.65847,0.87928,12.12185,0.58038,0.02505,23.17083,2400.86392,30.33908,2042.78132,1.81126,16.7503,"TCGGGGTTTCGTACGYAGCAGAGCAGCTCCC",0.99842460491465,-0.00227135510902261,"psi","chr21_8218880_8218881_+","chr21",8218880,8218881,"LSU4975-ACA22/U64",255,"+"
"66","chr21",8218544,8218545,"rtsSeeker-38687",23.60518,"+","NR_146148.1|RNA28SN2|NR_146148.1|RNA28SN2|rRNA|exon",4658,4659,"T",-33295.3,-1.56073e-07,-33295.3,37682,217.28489,2778,2805,107502,2119,13.47037,1864,3310,142699,16.13058,13.56443,1.1368,11.93209,13.43387,0.64018,20.98448,0.35052,0.01485,23.60518,2400.86392,15.69518,2042.78132,1.03731,15.13064,"GGGGCGAAGCTACCAYCTGTGGGATTATGAC",1.00049204958475,-0.000960039187721608,"psi","chr21_8218544_8218545_+","chr21",8218544,8218545,"LSU4643-ACA30/ACA37",255,"+"
"67","chr21",8218167,8218168,"rtsSeeker-38703",24.0066,"+","NR_146148.1|RNA28SN2|NR_146148.1|RNA28SN2|rRNA|exon",4281,4282,"T",-1748.5,0,-1748.5,2051,11.82664,262,380,6228,1505,9.5672,2309,1198,109711,1.23616,7.82824,0.6518,12.01024,5.39737,1.25626,4.29638,0.32932,0.01372,24.0066,2400.86392,0.85428,2042.78132,0.73674,1.15953,"AAGCTCGCTTGATCTYGATTTTCAGTACGAA",1.02457276787575,-0.0470450032547119,"psi","chr21_8218167_8218168_+","chr21",8218167,8218168,"LSU4266-unknown",255,"+"
"68","chr21",8215463,8215464,"rtsSeeker-38705",24.01848,"+","NR_146148.1|RNA28SN2|NR_146148.1|RNA28SN2|rRNA|exon",1577,1578,"T",-41962.6,-4.2976e-07,-41962.6,48087,277.28301,12316,3713,140228,2510,15.95593,3512,3273,175803,17.37805,3.90443,0.71469,5.4631,12.95098,0.76688,16.88788,0.34292,0.01428,24.01848,2400.86392,20.02904,2042.78132,1.22872,16.30078,"TCTGGTGGAGGTCCGYAGCGGTCCTGACGTG",1.00672423094992,-0.00728275550005138,"psi","chr21_8215463_8215464_+","chr21",8215463,8215464,"LSU1569-ACA7/ACA7B",255,"+"
"69","chr21",8215625,8215626,"rtsSeeker-38713",24.09498,"+","NR_146148.1|RNA28SN2|NR_146148.1|RNA28SN2|rRNA|exon",1739,1740,"T",-22037.1,-2.28907e-07,-22037.1,22213,128.08633,2036,1887,51542,1909,12.13541,1770,2481,106730,10.55476,10.91012,1.07853,10.11572,11.7716,0.76945,15.29876,0.43097,0.01789,24.09498,2400.86392,9.25209,2042.78132,0.93451,9.90047,"ATCCGGTAAAGCGAAYGATTAGAGGTCTTGG",1.00393809259988,-0.00527264632384297,"psi","chr21_8215625_8215626_+","chr21",8215625,8215626,"LSU1731-ACA52",255,"+"
"70","chr21",8209847,8209848,"rtsSeeker-38716",24.10796,"+","NR_146144.1|RNA45SN2|NR_146144.1|RNA45SN2|rRNA|exon",3861,3862,"T",-36924.5,-1.47359e-06,-36924.5,36727,211.77809,3967,7291,82503,2112,13.42587,1922,2818,114377,15.77388,9.25813,1.09886,8.42525,5.03731,0.74947,6.72118,0.44516,0.01847,24.10796,1412.48635,26.00167,1254.23741,1.68389,15.44141,"GGGGGGATGCGTGCAYTTATCAGATCAAAAC",0.996128467995998,-0.0125096408218656,"psi","chr21_8209847_8209848_+","chr21",8209847,8209848,"SSU218-ACA28/ACA31",255,"+"
"71","chr21",8218447,8218448,"rtsSeeker-38744",25.09424,"+","NR_146148.1|RNA28SN2|NR_146148.1|RNA28SN2|rRNA|exon",4561,4562,"T",-5221.05,0,-5221.05,5713,32.94275,1229,2502,15357,1992,12.66304,1946,4511,134371,2.60149,4.64849,1.02364,4.54115,2.28337,0.44159,5.17083,0.37201,0.01482,25.09424,2400.86392,2.37956,2042.78132,0.97514,2.44022,"CCTACTGATGATGTGYTGTTGCCATGGTAAT",1.00357929436587,-0.0192268227829883,"psi","chr21_8218447_8218448_+","chr21",8218447,8218448,"LSU4546-ACA40",255,"+"
"72","chr21",8210633,8210634,"rtsSeeker-38755",25.57076,"+","NR_146144.1|RNA45SN2|NR_146144.1|RNA45SN2|rRNA|exon",4647,4648,"T",-26925.9,-3.10897e-07,-26925.9,27332,157.60391,1566,1155,63693,1736,11.03566,776,1272,103446,14.28133,17.45338,2.23711,7.80174,23.66407,1.36478,17.33911,0.42912,0.01678,25.57076,1412.48635,19.35028,1254.23741,1.38411,13.98032,"CAGAGCGAAAGCATTYGCCAAGAATGTTTTC",1.00200565707925,-0.00189698218153919,"psi","chr21_8210633_8210634_+","chr21",8210633,8210634,"SSU1004-U99",255,"+"
"73","chr21",8211254,8211255,"rtsSeeker-38786",26.62508,"+","NR_146144.1|RNA45SN2|NR_146144.1|RNA45SN2|rRNA|exon",5268,5269,"T",-2570.23,-1.01009e-06,-2570.23,5359,30.90148,4423,558,37016,459,2.91784,803,1216,84413,10.59054,1.21162,0.57161,2.11968,9.60394,0.37747,25.44312,0.14478,0.00544,26.62508,1412.48635,3.79402,1254.23741,0.36596,10.36732,"GGGGATTGCAATTATYCCCCATGAACGAGGA",0.995714036662714,0.000629119688072012,"psi","chr21_8211254_8211255_+","chr21",8211254,8211255,"SSU1625-ACA5/5b/c",255,"+"
"74","chr21",8210685,8210686,"rtsSeeker-38790",26.88721,"+","NR_146144.1|RNA45SN2|NR_146144.1|RNA45SN2|rRNA|exon",4699,4700,"T",-45252.1,-1.19128e-07,-45252.1,42457,244.81886,5486,6736,85727,3087,19.62389,2912,12249,167591,12.47555,7.73915,1.0601,7.30043,6.303,0.25202,25.00986,0.49526,0.01842,26.88721,1412.48635,30.05834,1254.23741,2.46126,12.2126,"GAGGTTCGAAGACGAYCAGATACCGTCGTAG",0.998627981423343,-0.000110076923596413,"psi","chr21_8210685_8210686_+","chr21",8210685,8210686,"SSU1056-ACA8",255,"+"
"75","chr21",8217639,8217640,"rtsSeeker-38811",27.55057,"+","NR_146148.1|RNA28SN2|NR_146148.1|RNA28SN2|rRNA|exon",3753,3754,"T",-5240.9,0,-5240.9,6206,35.78552,432,2531,19131,1213,7.71098,737,1867,103019,4.64086,14.36574,1.64586,8.7284,2.452,0.64971,3.77401,0.32439,0.01177,27.55057,2400.86392,2.5849,2042.78132,0.5938,4.35317,"GGGAGTAACTATGACYCTCTTAAGGTAGCCA",1.02656185503212,-0.0245501377635537,"psi","chr21_8217639_8217640_+","chr21",8217639,8217640,"LSU3747-ACA23",255,"+"
"76","chr21",8210873,8210874,"rtsSeeker-38814",27.74867,"+","NR_146144.1|RNA45SN2|NR_146144.1|RNA45SN2|rRNA|exon",4887,4888,"T",-7494.17,-0.00737879,-7494.16,6682,38.53027,857,2244,12282,982,6.24252,746,2481,50086,6.17223,7.79697,1.31635,5.92315,2.97772,0.39581,7.52314,0.54405,0.01961,27.74867,1412.48635,4.73067,1254.23741,0.78295,6.04214,"GCCTGCGGCTTAATTYGACTCAACACGGGAA",1.02084132274282,-0.0329454797924809,"psi","chr21_8210873_8210874_+","chr21",8210873,8210874,"SSU1244-ACA36/B",255,"+"
"77","chr21",8218313,8218314,"rtsSeeker-38837",28.25393,"+","NR_146148.1|RNA28SN2|NR_146148.1|RNA28SN2|rRNA|exon",4427,4428,"T",-3681.37,-5.6819e-07,-3681.37,4060,23.41109,389,189,11068,1590,10.10754,1059,842,122467,2.3162,10.43702,1.50142,6.95145,21.48148,1.88836,11.37573,0.36682,0.01298,28.25393,2400.86392,1.69106,2042.78132,0.77835,2.17262,"GACGTCGCTTTTTGAYCCTTCGATGTCGGCT",1.00730352625126,0.00364533992152694,"psi","chr21_8218313_8218314_+","chr21",8218313,8218314,"LSU4412-ACA16",255,"+"
"78","chr21",8215564,8215565,"rtsSeeker-38846",28.94821,"+","NR_146148.1|RNA28SN2|NR_146148.1|RNA28SN2|rRNA|exon",1678,1679,"T",-56341.7,-6.81238e-08,-56341.7,51593,297.49958,3002,5266,100457,3053,19.40776,1304,4481,172083,15.3289,17.18621,2.34126,7.34059,9.79738,0.68132,14.37997,0.51358,0.01774,28.94821,2400.86392,21.48935,2042.78132,1.49453,14.37866,"AAGTTTCCCTCAGGAYAGCTGGCGCTCTCGC",0.990348119419715,0.00292697057417011,"psi","chr21_8215564_8215565_+","chr21",8215564,8215565,"LSU1670-ACA9",255,"+"
"79","chr21",8218403,8218404,"rtsSeeker-38851",29.04684,"+","NR_146148.1|RNA28SN2|NR_146148.1|RNA28SN2|rRNA|exon",4517,4518,"T",-13066.8,-4.10515e-07,-13066.8,12737,73.44508,3156,317,27798,1809,11.49971,5856,1226,114679,6.38669,4.0358,0.30891,13.0645,40.17981,1.47553,27.23076,0.4582,0.01577,29.04684,2400.86392,5.30517,2042.78132,0.88556,5.99077,"AACGTGAGCTGGGTTYAGACCGTCGTGAGAC",1.00403801149774,-0.00259917632053515,"psi","chr21_8218403_8218404_+","chr21",8218403,8218404,"LSU4501-ACA10",255,"+"
"80","chr21",8210867,8210868,"rtsSeeker-38854",29.11711,"+","NR_146144.1|RNA45SN2|NR_146144.1|RNA45SN2|rRNA|exon",4881,4882,"T",-371.709,-3.09786e-07,-371.709,886,5.10892,58,199,7153,274,1.7418,222,301,64410,2.93312,15.27586,1.23423,12.37679,4.45226,0.9103,4.89099,0.12386,0.00425,29.11711,1412.48635,0.62726,1254.23741,0.21846,2.8713,"AGTGGAGCCTGCGGCYTAATTTGACTCAACA",0.992304560369553,0.017383781436869,"psi","chr21_8210867_8210868_+","chr21",8210867,8210868,"SSU1238-ACA5/5b/c",255,"+"
"81","chr21",8210495,8210496,"rtsSeeker-38866",29.48964,"+","NR_146144.1|RNA45SN2|NR_146144.1|RNA45SN2|rRNA|exon",4509,4510,"T",-30334.7,0,-30334.7,29248,168.6521,4902,1371,62071,1915,12.17355,1455,2367,119848,13.85398,5.96654,1.31615,4.53333,21.33333,0.80904,26.36867,0.4712,0.01598,29.48964,1412.48635,20.70675,1254.23741,1.52682,13.56197,"CGCAGCTAGGAATAAYGGAATAGGACCGCGG",1.00101466029854,0.000279382934514868,"psi","chr21_8210495_8210496_+","chr21",8210495,8210496,"SSU866-ACA28",255,"+"
"82","chr21",8215558,8215559,"rtsSeeker-38928",31.96331,"+","NR_146148.1|RNA28SN2|NR_146148.1|RNA28SN2|rRNA|exon",1672,1673,"T",-6869.64,0,-6869.64,10273,59.23697,2371,1868,45969,1128,7.17063,2629,5638,161335,8.26105,4.33277,0.42906,10.09828,5.49946,0.20007,27.48757,0.22348,0.00699,31.96331,2400.86392,4.27888,2042.78132,0.55219,7.74894,"CCTCCGAAGTTTCCCYCAGGATAGCTGGCGC",0.99902814765102,-0.000871391330329468,"psi","chr21_8215558_8215559_+","chr21",8215558,8215559,"LSU1664-ACA56",255,"+"
"83","chr21",8217641,8217642,"rtsSeeker-38948",32.82435,"+","NR_146148.1|RNA28SN2|NR_146148.1|RNA28SN2|rRNA|exon",3755,3756,"T",-32903.4,0,-32903.4,28515,164.42542,2531,4063,50120,1813,11.52514,1867,3433,104600,14.26667,11.2663,0.97108,11.60186,7.01821,0.52811,13.28931,0.56893,0.01733,32.82435,2400.86392,11.87697,2042.78132,0.88752,13.38227,"GAGTAACTATGACTCYCTTAAGGTAGCCAAA",1.00034992104235,-0.00225777517815742,"psi","chr21_8217641_8217642_+","chr21",8217641,8217642,"LSU3749-unknown",255,"+"
"84","chr21",8209663,8209664,"rtsSeeker-39073",38.8528,"+","NR_146144.1|RNA45SN2|NR_146144.1|RNA45SN2|rRNA|exon",3677,3678,"T",-11403.5,-7.74846e-07,-11403.5,11701,67.47122,1189,1667,27800,1275,8.10511,1191,1034,117694,8.32453,9.84104,1.07053,9.19269,7.0192,1.23308,5.69243,0.4209,0.01083,38.8528,1412.48635,8.28397,1254.23741,1.01655,8.14907,"AGTAGCATATGCTTGYCTCAAAGATTAAGCC",1.03105949549574,-0.042281489297939,"psi","chr21_8209663_8209664_+","chr21",8209663,8209664,"SSU34-ACA50/ACA62",255,"+"
"85","chr21",8217722,8217723,"rtsSeeker-39113",41.89918,"+","NR_146148.1|RNA28SN2|NR_146148.1|RNA28SN2|rRNA|exon",3836,3837,"T",-22381.2,0,-22381.2,21504,123.99804,2482,3866,45713,1655,10.52075,1498,1872,147409,11.78605,8.66398,1.10481,7.84208,5.56234,0.88408,6.29166,0.47041,0.01123,41.89918,2400.86392,8.95678,2042.78132,0.81017,11.05543,"ACTGTCCCTACCTACYATCCAGCGAAACCAC",1.04748493989522,-0.0560196883480487,"psi","chr21_8217722_8217723_+","chr21",8217722,8217723,"LSU3830-E2",255,"+"
"86","chr21",8210595,8210596,"rtsSeeker-39135",45.32026,"+","NR_146144.1|RNA45SN2|NR_146144.1|RNA45SN2|rRNA|exon",4609,4610,"T",-27167.2,0,-27167.2,28588,164.84635,4662,2585,71075,1155,7.34227,2006,1918,130139,22.45168,6.13213,0.57577,10.65027,11.05919,0.60219,18.36495,0.40222,0.00888,45.32026,1412.48635,20.23949,1254.23741,0.92088,21.97846,"CGCTAGAGGTGAAATYCTTGGACCGGCGCAA",1.00121992676576,-0.000793258403662068,"psi","chr21_8210595_8210596_+","chr21",8210595,8210596,"SSU966-ACA14b/a",255,"+"
"87","chr21",8218450,8218451,"rtsSeeker-39148",47.14306,"+","NR_146148.1|RNA28SN2|NR_146148.1|RNA28SN2|rRNA|exon",4564,4565,"T",-23914.9,0,-23914.9,22526,129.89118,6432,4512,46170,1390,8.83615,1220,3814,134310,14.69997,3.50218,1.13934,3.07385,4.99246,0.36445,13.69875,0.48789,0.01035,47.14306,2400.86392,9.38246,2042.78132,0.68044,13.78871,"ACTGATGATGTGTTGYTGCCATGGTAATCCT",0.996780970787662,0.00185670700109079,"psi","chr21_8218450_8218451_+","chr21",8218450,8218451,"LSU4549-unknown",255,"+"
"88","chr21",8209665,8209666,"rtsSeeker-39159",47.95662,"+","NR_146144.1|RNA45SN2|NR_146144.1|RNA45SN2|rRNA|exon",3679,3680,"T",-7837.67,-1.64335e-06,-7837.67,10530,60.71891,1667,5599,39584,643,4.08752,1034,1902,115918,14.85472,6.31674,0.62186,10.15786,1.88069,0.33807,5.56311,0.26602,0.00555,47.95662,1412.48635,7.45494,1254.23741,0.51266,14.54162,"TAGCATATGCTTGTCYCAAAGATTAAGCCAT",0.976960918869554,-0.000839410449080874,"psi","chr21_8209665_8209666_+","chr21",8209665,8209666,"SSU36-U69/ACA55",255,"+"
"89","chr21",8215663,8215664,"rtsSeeker-39162",48.06108,"+","NR_146148.1|RNA28SN2|NR_146148.1|RNA28SN2|rRNA|exon",1777,1778,"T",-3308.87,0,-3308.87,3616,20.85086,1577,477,9701,712,4.52615,654,676,91804,4.60676,2.29296,1.08869,2.10618,7.58071,1.05325,7.19742,0.37275,0.00776,48.06108,2400.86392,1.50612,2042.78132,0.34854,4.32118,"ACGATCTCAACCTATYCTCAAACTTTAAATG",1.01140138114752,0.0112957814189032,"psi","chr21_8215663_8215664_+","chr21",8215663,8215664,"LSU1769-ACA9",255,"+"
"90","chr21",8217508,8217509,"rtsSeeker-39173",49.37204,"+","NR_146148.1|RNA28SN2|NR_146148.1|RNA28SN2|rRNA|exon",3622,3623,"T",-0.000708991,0,-0.000708991,211,1.21668,18,326,11910,41,0.26063,30,52,114260,4.66816,11.72222,1.36667,8.57724,0.64724,0.78846,0.82089,0.01772,0.00036,49.37204,2400.86392,0.08789,2042.78132,0.02007,4.37878,"CCAGGGGAATCCGACYGTTTAATTAAAACAA",0.999946501309295,0.0083273098547365,"psi","chr21_8217508_8217509_+","chr21",8217508,8217509,"LSU3616-ACA6",255,"+"
"91","chr21",8210201,8210202,"rtsSeeker-39176",49.47619,"+","NR_146144.1|RNA45SN2|NR_146144.1|RNA45SN2|rRNA|exon",4215,4216,"T",-18223.3,-1.08981e-06,-18223.3,18231,105.12501,1058,2459,41376,791,5.02834,525,1719,88820,20.90649,17.23157,1.50667,11.43688,7.41399,0.46015,16.11207,0.44062,0.00891,49.47619,1412.48635,12.90703,1254.23741,0.63066,20.46584,"TGGAATGAGTCCACTYTAAATCCTTTAACGA",0.993876668892815,0.00160972890350234,"psi","chr21_8210201_8210202_+","chr21",8210201,8210202,"SSU572-ACA42/ACA67",255,"+"
"92","chr21",8217510,8217511,"rtsSeeker-39522",415.27897,"+","NR_146148.1|RNA28SN2|NR_146148.1|RNA28SN2|rRNA|exon",3624,3625,"T",-3878.46,-1.82813e-06,-3878.46,4801,27.6839,326,873,15950,80,0.50856,52,124,110372,54.43632,14.72699,1.53846,9.57255,5.49943,0.64516,8.52411,0.301,0.00072,415.27897,2400.86392,1.9997,2042.78132,0.03916,51.06179,"AGGGGAATCCGACTGYTTAATTAAAACAAAG",0.989020314556822,-0.0101575594400273,"psi","chr21_8217510_8217511_+","chr21",8217510,8217511,"LSU3618-ACA19",255,"+"
